DESIGNATOR,QTY,MANUFACTURER,VALUE,FOOTPRINT,PACKAGE,MPN,DESCRIPTION,MOUNT TYPE
BZ1,1,MURATA,PKMCS0909E4000-R1,Buzzer_CUI_CPT-9019S-SMT,,PKMCS0909E4000-R1,BUZZER,smt
"C1, C16, C17",3,ANY,2u2,C_0805_2012Metric,,,MLCC 0805 50V X7S/R,smt
C10,1,,22u,C_0805_2012Metric,,,MLCC 0805 25V X7S/R,smt
C11,1,,47n,C_0402_1005Metric,,,MLCC 0402 50V X7S/R,smt
"C12, C21, C29, C3, C30, C31, C46, C47, C48, C49, C50, C51",12,,1u,C_0402_1005Metric,,,MLCC 0402 50V X7S/R,smt
"C13, C14, C15, C18, C19, C20, C22, C35",8,,10µ 50V,C_1206_3216Metric,,,MLCC 1206 50V X7S/R,smt
C2,1,,DNP,CP_Elec_6.3x5.7,,,,smt
"C23, C24, C25, C26, C27, C28, C32, C33, C37, C4, C5, C6, C7",13,,100n,C_0402_1005Metric,,,MLCC 0402 50V X7S/R,smt
"C34, C41, C42, C43, C44, C45, C8, C9",8,,22µ 16V,C_0805_2012Metric,,,MLCC 0805 16V X7S/R,smt
C36,1,,2.7n,C_0402_1005Metric,,,MLCC 0402 50V X7S/R,smt
C38,1,,DNP,C_0402_1005Metric,,,,smt
C39,1,,100p,C_0402_1005Metric,,,MLCC 0402 50V X7S/R,smt
C40,1,,DNP,C_0402_1005Metric,,,,smt
"D1, D3, D4",3,,SMAJ22A,D_SMA,,SMAJ22A,TVS DIODE 400W,smt
D10,1,NEXPERIA,PMEG6010CEJ,D_SOD-323F,,PMEG6010CEJ,SCHOTTKY DIODE,smt
"D11, D15, D17, D18, D19",5,,LED_R,LED_0402_1005Metric,,,LED 0402 RED,smt
D13,1,,LED_B,LED_0402_1005Metric,,,LED 0402 BLUE,smt
D14,1,,LED_G,LED_0402_1005Metric,,,LED 0402 GREEN,smt
"D2, D7, D8",3,NEXPERIA,"BAS416,115",D_SOD-323_HandSoldering,,"BAS416,115",DIODE,smt
D9,1,NEXPERIA,"PMEG6010CEJ,115",D_SOD-323,,"PMEG6010CEJ,115",SCHOTTKY DIODE,smt
F1,1,SCHURTER,3413.0328.24,R_1206_3216Metric,,3413.0328.24,FUSE 10A 35V SLOW,smt
"H2, H4",2,WUERTH,9774010360,Mounting_Wuerth_WA-SMSI-M3_H1mm_9774010360,,9774010360,WA SMSI M3 1MM,smt
J1,1,TE CONNECTIVITY,1-1827654-1,1-1827654-1,,1-1827654-1,CONNECTOR,tht
"J10, J11, J13",3,SAMTEC,CLP-102-02-F-D,PinSocket_2x02_P1.27mm_Vertical_SMD,,CLP-102-02-F-D,PIN SOCKET,smt
J12,1,JST,BM06B-GHS-TBT,JST_GH_BM06B-GHS-TBT_1x06-1MP_P1.25mm_Vertical,,BM06B-GHS-TBT,JST GH 6PIN ,smt
"J2, J3, J5",3,JST,BM03B-GHS-TBT,JST_GH_BM03B-GHS-TBT_1x03-1MP_P1.25mm_Vertical,,BM03B-GHS-TBT,JST GH 3 PIN,smt
"J8, J9",2,SAMTEC,CLP-105-02-F-D,PinSocket_2x05_P1.27mm_Vertical_SMD,,CLP-105-02-F-D,PIN SOCKET,smt
L1,1,BOURNS,SRN5040-220M,L_Sunlord_SWPA5040S,,SRN5040-220M,INDUCTOR 22uH 1.6A,smt
L2,1,BOURNS,SRN6045TA-3R3Y,L_Bourns_SRN6045TA,,SRN6045TA-3R3Y,INDUCTOR 3.3uH 5A,smt
"Q1, Q5, Q6",3,VISHAY,SIR180ADP-T1-RE3,PowerPAK_SO-8_Single,,SIR180ADP-T1-RE3,NFET 60V 137A,smt
"R1, R13, R17, R18, R19, R27, R28, R29",8,,1k,R_0402_1005Metric,,,RESISTOR 1% 0402,smt
"R10, R14, R15, R52, R8",5,,10k,R_0402_1005Metric,,,RESISTOR 1% 0402,smt
R11,1,,147k,R_0402_1005Metric,,,RESISTOR 1% 0402,smt
R12,1,,DNP,R_0402_1005Metric,,,,smt
R16,1,,0R,R_0402_1005Metric,,,RESISTOR 1% 0402,smt
R2,1,,DNP,R_0805_2012Metric_Pad1.20x1.40mm_HandSolder,,,,smt
R20,1,,33k,R_0402_1005Metric,,,RESISTOR 1% 0402,smt
"R21, R22",2,,150k,R_0402_1005Metric,,,RESISTOR 1% 0402,smt
"R24, R3, R4, R5, R7, R9",6,,100k,R_0402_1005Metric,,,RESISTOR 1% 0402,smt
R55,1,VISHAY,AC07000002008JAC00,R_Axial_Power_L38.0mm_W6.4mm_P40.64mm,,AC07000002008JAC00,"WIRE WOUND RESISTOR, MOUNT TIGHTLY ABOVE J1",tht
R56,1,VISHAY,WSLF25122L000FEA,R_2512_6332Metric,,WSLF25122L000FEA,SHUNT 2mOhms,smt
R57,1,,200k,R_0402_1005Metric,,,RESISTOR 1% 0402,smt
R58,1,,15.8k,R_0402_1005Metric,,,RESISTOR 1% 0402,smt
R59,1,,22k1,R_0402_1005Metric,,,RESISTOR 1% 0402,smt
R6,1,,10R,R_0402_1005Metric,,,RESISTOR 1% 0402,smt
R60,1,,115k,R_0402_1005Metric,,,RESISTOR 1% 0402,smt
R61,1,,22.1k,R_0402_1005Metric,,,RESISTOR 1% 0402,smt
"R62, R63, R64, R65, R66, R67",6,,330k,R_0402_1005Metric,,,RESISTOR 1% 0402,smt
U1,1,Chengdu Ebyte Elec Tech,E01-2G4M27S,XCVR_E01-2G4M27SX,,E01-2G4M27S,NRF24L01P 2.4GHz 27dBm SPI Wireless Module,smt
U10,1,DIODES INC,AP64500SP-13,SOIC-8-1EP_3.9x4.9mm_P1.27mm_EP2.514x3.2mm,,AP64500SP-13,40V 5A Sync. Buck,smt
U11,1,CYNTEC,MUN12AD01-SH,Converter_DCDC_Cyntec_MUN12AD01-SH,,MUN12AD01-SH,DC-DC Module 1V-5V 1A,smt
"U12, U13, U14",3,TEXAS INSTRUMENTS,TPS25200DRVR,WSON-6-1EP_2x2mm_P0.65mm_EP1x1.6mm_ThermalVias,,TPS25200DRVR,EFUSE,smt
U2,1,ANALOG DEVICES,AD8418BRMZ,MSOP-8_3x3mm_P0.65mm,,AD8418BRMZ,Current Sense Amp,smt
"U3, U4",2,ANALOG DEVICES,LTC7004EMSE,MSOP-10-1EP_3x3mm_P0.5mm_EP1.68x1.88mm,,LTC7004EMSE,NFET DRIVER,smt
U5,1,TEXAS INSTRUMENTS,LP2980AIM5X-3.0/NOPB,SOT-23-5,,LP2980AIM5X-3.0/NOPB,LIN REG 3V FIXED,smt
U6,1,ST MICROELECTRONICS,STM32G431CBT6,LQFP-48_7x7mm_P0.5mm,,STM32G431CBT6,MICROCONTROLLER,smt
U7,1,TEXAS INSTRUMENTS,LV2862YDDCT,SOT-23-6,,LV2862YDDCT,BUCK 600MA,smt
U9,1,TEXAS INSTRUMENTS,TCAN330GDCNT,SOT-23-8,,TCAN330GDCNT,3.3V CAN TRANSCEIVER,smt
